--INSERT INTO czynnosc (id, name) VALUES (1, 'OCZYSZCZANIE: hydrabrazja/peeling trychologiczny');
--INSERT INTO czynnosc (id, name) VALUES (2, 'UMYCIE SZAMPONEM WZMACNIAJĄCYM');
--INSERT INTO czynnosc (id, name) VALUES (3, 'WTŁOCZENIE SUBSTANCJI AKTYWNYCH: infuzja tlenowa/mezoterapia AMPUŁKA');
--INSERT INTO czynnosc (id, name) VALUES (4, 'MASAŻ SKÓRY GŁOWY');
--INSERT INTO czynnosc (id, name) VALUES (5, 'WYSUSZENIE WŁOSÓW');
--INSERT INTO czynnosc (id, name) VALUES (6, 'NAŚWIETLANIE LASEREM HAIRMAX/DARSONAWALIZACJA');
--
--INSERT INTO czynnosc (id, name) VALUES (7, 'OCZYSZCZANIE: hydrabrazja/peeling trychologiczny');
--INSERT INTO czynnosc (id, name) VALUES (8, 'UMYCIE SZAMPONEM STYMULUJĄCYM');
--INSERT INTO czynnosc (id, name) VALUES (9, 'WTŁOCZENIE SUBSTANCJI AKTYWNYCH: infuzja tlenowa/mezoterapia AMPUŁKA ');
--INSERT INTO czynnosc (id, name) VALUES (10, 'MASAŻ SKÓRY GŁOWY');
--INSERT INTO czynnosc (id, name) VALUES (11, 'WYSUSZENIE WŁOSÓW');
--INSERT INTO czynnosc (id, name) VALUES (12, 'NAŚWIETLANIE LASEREM HAIRMAX/DARSONWALIZACJA');
--
--INSERT INTO czynnosc (id, name) VALUES (13, 'OCZYSZCZANIE: hydrabrazja/peeling trychologiczny/maska oczyszczająca z glinką');
--INSERT INTO czynnosc (id, name) VALUES (14, 'UMYCIE SZAMPONEM OCZYSZCZAJĄCYM');
--INSERT INTO czynnosc (id, name) VALUES (15, 'WTŁOCZENIE SUBSTANCJI AKTYWNYCH: infuzja tlenowa/mezoterapia AMPUŁKA');
--INSERT INTO czynnosc (id, name) VALUES (16, 'MASAŻ SKÓRY GŁOWY');
--INSERT INTO czynnosc (id, name) VALUES (17, 'WYSUSZENIE WŁOSÓW');
--INSERT INTO czynnosc (id, name) VALUES (18, 'NAŚWIETLANIE LASEREM HAIRMAX/DARSONWALIZACJA');
--
--INSERT INTO czynnosc (id, name) VALUES (19, 'OCZYSZCZANIE: hydrabrazja');
--INSERT INTO czynnosc (id, name) VALUES (20, 'UMYCIE SZAMPONEM NAWILŻAJĄCYM');
--INSERT INTO czynnosc (id, name) VALUES (21, 'WTŁOCZENIE SUBSTANCJI AKTYWNYCH: infuzja tlenowa/mezoterapia AMPUŁKA');
--INSERT INTO czynnosc (id, name) VALUES (22, 'MASAŻ SKÓRY GŁOWY');
--INSERT INTO czynnosc (id, name) VALUES (23, 'MASKA KREMOWA  SAUNA');
--INSERT INTO czynnosc (id, name) VALUES (24, 'WYSUSZENIE WŁOSÓW');
--INSERT INTO czynnosc (id, name) VALUES (25, 'NAŚWIETLANIE LASEREM HAIRMAX');
--
--INSERT INTO czynnosc (id, name) VALUES (26, 'OCZYSZCZANIE: hydrabrazja');
--INSERT INTO czynnosc (id, name) VALUES (27, 'UMYCIE SZAMPONEM KOJĄCYM');
--INSERT INTO czynnosc (id, name) VALUES (28, 'WTŁOCZENIE SUBSTANCJI AKTYWNYCH: infuzja tlenowa/mezoterapia AMPUŁKA');
--INSERT INTO czynnosc (id, name) VALUES (29, 'MASAŻ SKÓRY GŁOWY');
--INSERT INTO czynnosc (id, name) VALUES (30, 'MASKA KREMOWA  SAUNA');
--INSERT INTO czynnosc (id, name) VALUES (31, 'WYSUSZENIE WŁOSÓW');
--INSERT INTO czynnosc (id, name) VALUES (32, 'NAŚWIETLANIE LASEREM HAIRMAX');
--
--INSERT INTO czynnosc (id, name) VALUES ( 33, 'OCZYSZCZANIE: hydrabrazja/peeling trychologiczny');
--INSERT INTO czynnosc (id, name) VALUES ( 34, 'UMYCIE SZAMPONEM PRZECIWŁUPIEŻOWYM');
--INSERT INTO czynnosc (id, name) VALUES ( 35, 'MASKA OCZYSZCZAJĄCA Z GLINKĄ');
--INSERT INTO czynnosc (id, name) VALUES ( 36, 'SERUM OCZYSZCZAJĄCO - NORMALIZUJĄCE');
--INSERT INTO czynnosc (id, name) VALUES ( 37, 'WYSUSZENIE WŁOSÓW');
--INSERT INTO czynnosc (id, name) VALUES ( 38, 'NAŚWIETLANIE LASEREM HAIRMAX/DARSONWALIZACJA');
--
--INSERT INTO czynnosc (id, name) VALUES ( 39, 'OCZYSZCZANIE: hydrabrazja/peeling trychologiczny');
--INSERT INTO czynnosc (id, name) VALUES ( 40, 'UMYCIE SZAMPONEM NORMALIZUJĄCYM');
--INSERT INTO czynnosc (id, name) VALUES ( 41, 'MASKA OCZYSZCZAJĄCA Z GLINKĄ');
--INSERT INTO czynnosc (id, name) VALUES ( 42, 'SERUM OCZYSZCZAJĄCO - NORMALIZUJĄCE');
--INSERT INTO czynnosc (id, name) VALUES ( 43, 'WYSUSZENIE WŁOSÓW');
--INSERT INTO czynnosc (id, name) VALUES ( 44, 'NAŚWIETLANIE LASEREM HAIRMAX/DARSONWALIZACJA');
--
--INSERT INTO czynnosc (id, name) VALUES ( 45, 'OCZYSZCZANIE: hydrabrazja');
--INSERT INTO czynnosc (id, name) VALUES ( 46, 'UMYCIE SZAMPONEM KOJĄCYM');
--INSERT INTO czynnosc (id, name) VALUES ( 47, 'SERUM KOJĄCE');
--INSERT INTO czynnosc (id, name) VALUES ( 48, 'WYSUSZENIE WŁOSÓW');
--INSERT INTO czynnosc (id, name) VALUES ( 49, 'TERAPIA DERMALIGHT');
--
--INSERT INTO czynnosc (id, name) VALUES ( 50, 'OCZYSZCZANIE: hydrabrazja');
--INSERT INTO czynnosc (id, name) VALUES ( 51, 'UMYCIE SZAMPONEM REGENERUJĄCYM');
--INSERT INTO czynnosc (id, name) VALUES ( 52, 'MASAŻ SKÓRY GŁOWY');
--INSERT INTO czynnosc (id, name) VALUES ( 53, 'AMPUŁKA');
--INSERT INTO czynnosc (id, name) VALUES ( 54, 'MASKA KREMOWA  SAUNA');
--INSERT INTO czynnosc (id, name) VALUES ( 55, 'MUS PROTEINOWY');
--INSERT INTO czynnosc (id, name) VALUES ( 56, 'WYSUSZENIE WŁOSÓW');


--INSERT INTO zabieg (id, duration, name) VALUES (1, 90, N'Zabieg hamujący wypadanie włosów');
--INSERT INTO zabieg (id, duration, name) VALUES (2, 90, N'Zabieg pobudzający wzrost włosów');
--INSERT INTO zabieg (id, duration, name) VALUES (3, 90, N'Zabieg oczyszczający');
--INSERT INTO zabieg (id, duration, name) VALUES (4, 90, N'Zabieg nawilżający');
--INSERT INTO zabieg (id, duration, name) VALUES (5, 90, N'Zabieg kojący');
--INSERT INTO zabieg (id, duration, name) VALUES (6, 90, N'Zabieg przeciwłupieżowy');
--INSERT INTO zabieg (id, duration, name) VALUES (7, 90, N'Zabieg przeciwłojotokowy');
--INSERT INTO zabieg (id, duration, name) VALUES (8, 60, N'Zabieg łagodzący zmiany łuszczycowe');
--INSERT INTO zabieg (id, duration, name) VALUES (9, 90, N'Zabieg odbudowy struktury włosa');

--
--INSERT INTO zabieg_procedures (zabieg_id, procedures_id) VALUES (1, 1);
--INSERT INTO zabieg_procedures (zabieg_id, procedures_id) VALUES (1, 2);
--INSERT INTO zabieg_procedures (zabieg_id, procedures_id) VALUES (1, 3);
--INSERT INTO zabieg_procedures (zabieg_id, procedures_id) VALUES (1, 4);
--INSERT INTO zabieg_procedures (zabieg_id, procedures_id) VALUES (1, 5);
--INSERT INTO zabieg_procedures (zabieg_id, procedures_id) VALUES (1, 6);
--
--INSERT INTO zabieg_procedures (zabieg_id, procedures_id) VALUES (2, 7);
--INSERT INTO zabieg_procedures (zabieg_id, procedures_id) VALUES (2, 8);
--INSERT INTO zabieg_procedures (zabieg_id, procedures_id) VALUES (2, 9);
--INSERT INTO zabieg_procedures (zabieg_id, procedures_id) VALUES (2, 10);
--INSERT INTO zabieg_procedures (zabieg_id, procedures_id) VALUES (2, 11);
--INSERT INTO zabieg_procedures (zabieg_id, procedures_id) VALUES (2, 12);
--
--INSERT INTO zabieg_procedures (zabieg_id, procedures_id) VALUES (3, 13);
--INSERT INTO zabieg_procedures (zabieg_id, procedures_id) VALUES (3, 14);
--INSERT INTO zabieg_procedures (zabieg_id, procedures_id) VALUES (3, 15);
--INSERT INTO zabieg_procedures (zabieg_id, procedures_id) VALUES (3, 16);
--INSERT INTO zabieg_procedures (zabieg_id, procedures_id) VALUES (3, 17);
--INSERT INTO zabieg_procedures (zabieg_id, procedures_id) VALUES (3, 18);
--
--INSERT INTO zabieg_procedures (zabieg_id, procedures_id) VALUES (4, 19);
--INSERT INTO zabieg_procedures (zabieg_id, procedures_id) VALUES (4, 20);
--INSERT INTO zabieg_procedures (zabieg_id, procedures_id) VALUES (4, 21);
--INSERT INTO zabieg_procedures (zabieg_id, procedures_id) VALUES (4, 22);
--INSERT INTO zabieg_procedures (zabieg_id, procedures_id) VALUES (4, 23);
--INSERT INTO zabieg_procedures (zabieg_id, procedures_id) VALUES (4, 24);
--INSERT INTO zabieg_procedures (zabieg_id, procedures_id) VALUES (4, 25);
--
--INSERT INTO zabieg_procedures (zabieg_id, procedures_id) VALUES (5, 26);
--INSERT INTO zabieg_procedures (zabieg_id, procedures_id) VALUES (5, 27);
--INSERT INTO zabieg_procedures (zabieg_id, procedures_id) VALUES (5, 28);
--INSERT INTO zabieg_procedures (zabieg_id, procedures_id) VALUES (5, 29);
--INSERT INTO zabieg_procedures (zabieg_id, procedures_id) VALUES (5, 30);
--INSERT INTO zabieg_procedures (zabieg_id, procedures_id) VALUES (5, 31);
--INSERT INTO zabieg_procedures (zabieg_id, procedures_id) VALUES (5, 32);
--
--INSERT INTO zabieg_procedures (zabieg_id, procedures_id) VALUES (6, 33);
--INSERT INTO zabieg_procedures (zabieg_id, procedures_id) VALUES (6, 34);
--INSERT INTO zabieg_procedures (zabieg_id, procedures_id) VALUES (6, 35);
--INSERT INTO zabieg_procedures (zabieg_id, procedures_id) VALUES (6, 36);
--INSERT INTO zabieg_procedures (zabieg_id, procedures_id) VALUES (6, 37);
--INSERT INTO zabieg_procedures (zabieg_id, procedures_id) VALUES (6, 38);
--
--INSERT INTO zabieg_procedures (zabieg_id, procedures_id) VALUES (7, 39);
--INSERT INTO zabieg_procedures (zabieg_id, procedures_id) VALUES (7, 40);
--INSERT INTO zabieg_procedures (zabieg_id, procedures_id) VALUES (7, 41);
--INSERT INTO zabieg_procedures (zabieg_id, procedures_id) VALUES (7, 42);
--INSERT INTO zabieg_procedures (zabieg_id, procedures_id) VALUES (7, 43);
--INSERT INTO zabieg_procedures (zabieg_id, procedures_id) VALUES (7, 44);
--
--INSERT INTO zabieg_procedures (zabieg_id, procedures_id) VALUES (8, 45);
--INSERT INTO zabieg_procedures (zabieg_id, procedures_id) VALUES (8, 46);
--INSERT INTO zabieg_procedures (zabieg_id, procedures_id) VALUES (8, 47);
--INSERT INTO zabieg_procedures (zabieg_id, procedures_id) VALUES (8, 48);
--INSERT INTO zabieg_procedures (zabieg_id, procedures_id) VALUES (8, 49);
--
--INSERT INTO zabieg_procedures (zabieg_id, procedures_id) VALUES (9, 50);
--INSERT INTO zabieg_procedures (zabieg_id, procedures_id) VALUES (9, 51);
--INSERT INTO zabieg_procedures (zabieg_id, procedures_id) VALUES (9, 52);
--INSERT INTO zabieg_procedures (zabieg_id, procedures_id) VALUES (9, 53);
--INSERT INTO zabieg_procedures (zabieg_id, procedures_id) VALUES (9, 54);
--INSERT INTO zabieg_procedures (zabieg_id, procedures_id) VALUES (9, 55);
--INSERT INTO zabieg_procedures (zabieg_id, procedures_id) VALUES (9, 56);
--


--/*cennik*/
--INSERT INTO usluga (id, category, name, price_once, price_series) VALUES (1,'Diagnostyka', N'Badanie skóry głowy trichoskopem  konsultacja trychologiczna', 80.0, 0.0);
--INSERT INTO usluga (id, category, name, price_once, price_series) VALUES (2, 'Diagnostyka', 'Wizyta kontrolna', 60.0, 0.0);
--
--INSERT INTO usluga (id, category, name, price_once, price_series) VALUES (3,'Zabiegi trychologiczne aparaturowe', 'Hydrabrazja', 170.0, 150.0);
--INSERT INTO usluga (id, category, name, price_once, price_series) VALUES (4,'Zabiegi trychologiczne aparaturowe', N'Infuzja tlenowa skóry głowy', 170.0, 150.0);
--INSERT INTO usluga (id, category, name, price_once, price_series) VALUES (5,'Zabiegi trychologiczne aparaturowe', 'Darsonwalizacja', 40.0, 30.0);
--INSERT INTO usluga (id, category, name, price_once, price_series) VALUES (6,'Zabiegi trychologiczne aparaturowe', N'Mezoterapia mikroigłowa', 200.0, 180.0);
--INSERT INTO usluga (id, category, name, price_once, price_series) VALUES (7,'Zabiegi trychologiczne aparaturowe', 'Laser HAIRMAX', 30.0, 20.0);
--INSERT INTO usluga (id, category, name, price_once, price_series) VALUES (8,'Zabiegi trychologiczne aparaturowe', 'Lampa DERMALIGHT', 40.0, 30.0);
--
--INSERT INTO usluga (id, category, name, price_once, price_series, zabieg_id) VALUES (9, 'Zabiegi trychologiczne', N'Zabieg hamujący wypadanie włosów', 150.0, 120.0, 1);
--INSERT INTO usluga (id, category, name, price_once, price_series, zabieg_id) VALUES (10, 'Zabiegi trychologiczne', N'Zabieg pobudzający wzrost włosów', 150.0, 120.0, 2);
--INSERT INTO usluga (id, category, name, price_once, price_series, zabieg_id) VALUES (11, 'Zabiegi trychologiczne', N'Zabieg oczyszczający', 150.0, 120.0, 3);
--INSERT INTO usluga (id, category, name, price_once, price_series, zabieg_id) VALUES (12, 'Zabiegi trychologiczne', N'Zabieg nawilżający', 150.0, 120.0, 4);
--INSERT INTO usluga (id, category, name, price_once, price_series, zabieg_id) VALUES (13, 'Zabiegi trychologiczne', N'Zabieg kojący', 150.0, 120.0, 5);
--INSERT INTO usluga (id, category, name, price_once, price_series, zabieg_id) VALUES (14, 'Zabiegi trychologiczne', N'Zabieg przeciwłupieżowy', 150.0, 120.0, 6);
--INSERT INTO usluga (id, category, name, price_once, price_series, zabieg_id) VALUES (15, 'Zabiegi trychologiczne', N'Zabieg przeciwłojotokowy', 150.0, 120.0, 7);
--INSERT INTO usluga (id, category, name, price_once, price_series, zabieg_id) VALUES (16, 'Zabiegi trychologiczne', N'Zabieg łagodzący zmiany łuszczycowe', 150.0, 120.0, 8);
--INSERT INTO usluga (id, category, name, price_once, price_series, zabieg_id) VALUES (17, 'Zabiegi trychologiczne', N'Zabieg odbudowy struktury włosa', 150.0, 120.0, 9);
--INSERT INTO usluga (id, category, name, price_once, price_series) VALUES (18, 'Zabiegi trychologiczne', N'Masaż limfatyczny skóry głowy', 80.0, 0.0);

INSERT INTO proza (id, nazwa, tresc) VALUES (1, 'proza 1', N'<p>Wygląd włos&oacute;w jest odzwierciedleniem zdrowia i kondycji całego organizmu.</p> 
					<p>Pogorszenie ich stanu, nadmierne wypadanie mogą świadczyć o zaburzeniach wewnątrzustrojowych, niewłaściwie zbilansowanej diecie lub narażeniu na przewlekły stres.</p> 
					<p>W celu uzyskania poprawy, konieczne jest podjęcie kompleksowych działań. Pierwszym krokiem jest wizyta w gabinecie, kt&oacute;ry powstał z myślą o osobach cierpiących na wszelkiego rodzaju dolegliwości związane z chorobami sk&oacute;ry głowy.</p> <p>Gabinet TRICHODERMEDICA oferuje kompleksowe oraz indywidualne podejście do każdego klienta.</p>
                    <p>Specjalizuje się w diagnozowaniu oraz wspomaganiu leczenia schorzeń sk&oacute;ry głowy takich jak: wypadanie włos&oacute;w, łysienie, łupież, łojotok, łojotokowe zapalenie sk&oacute;ry głowy, atopowe zapalenie sk&oacute;ry głowy, sucha i wrażliwa sk&oacute;ra głowy. W ofercie gabinetu znajduje się bogata oferta zabieg&oacute;w pielęgnujących suche oraz zniszczone włosy.</p>
                    <p>W pierwszej kolejności&nbsp; przeprowadzana jest konsultacja trychologiczna wraz z badaniem sk&oacute;ry głowy za pomocą <a href=/trichoskopia>trichoskopu</a>. Na tej podstawie diagnozowana jest przyczyna danego schorzenia oraz postawienie właściwej diagnozy. Kolejny krok stanowi opracowanie indywidualnej trychoterapii &nbsp;dostosowanej do konkretnego problemu oraz dob&oacute;r profesjonalnych preparat&oacute;w&nbsp; w celu uzupełnienia specjalistycznej kuracji domowej.</p>
                    <p>Ponadto, w ofercie gabinetu znajdują się zabiegi z zakresu kosmetologii o działaniu oczyszczającym, nawilżającym oraz przeciwstarzeniowym.</p>');
INSERT INTO proza (id, nazwa, tresc) VALUES (2, 'trichoskopia', N'<h1><strong>TRICHOSKOPIA</strong></h1><br />
					<h6><strong>Opis badania trichoskopem:</strong></h6> 
					<p>Trichoskopia to nieinwazyjne oraz bezpieczne badanie obrazowe sk&oacute;ry głowy i
					włos&oacute;w. Może być przeprowadzane u os&oacute;b w każdym wieku. Za pomocą urządzenia
					zwanego trichoskop, kt&oacute;ry wyposażony jest w r&oacute;żne skale powiększenia oraz
					specjalistyczne źr&oacute;dło światła można otrzymać bardzo precyzyjny obraz sk&oacute;ry głowy,
					kt&oacute;ry ułatwi zdiagnozowanie danego schorzenia. Obraz z mikrokamery widoczny jest także dla osoby poddawanej badaniu.</p><br />
					<p>W 200x powiększeniu możliwa jest ocena stanu mieszk&oacute;w włosowych, naczyń
					krwionośnych, stopnia produkcji łoju lub określenie kondycji samych łodyg włos&oacute;w.<br />
					Na podstawie badania mikrokamerą możliwe jest określenie przyczyny wypadania
					włos&oacute;w, rodzaju łysienia oraz stopnia jego zaawansowania.
					<h6><strong>Cel badania:</strong></h6>
					<p>Badanie mikrokamerą przeprowadzane jest w celu ustalenia przyczyny danego
					problemu sk&oacute;rnego oraz ułatwia postawienie trafnej diagnozy. Ponadto dzięki
					analizie trycholog pomaga dobrać odpowiednią kurację trychologiczną, kt&oacute;ra ma na
					celu przywr&oacute;cenie prawidłowego funkcjonowanie sk&oacute;ry oraz umożliwia obiektywną
					ocenę jej skuteczności na podstawie archiwizacji zdjęć, kt&oacute;re wykonywane są
					podczas badania.</p>
					<h6><strong>Czas trwania:</strong> 60 min</h6>
					<h6><strong>Przygotowanie do badania trychologicznego:</strong></h6>
					<p>Bardzo ważne jest, aby w dniu badania nie myć głowy ani włos&oacute;w. Najlepiej zrobić to
					1-2 dni przed przystąpieniem do badania. Nie należy stosować środk&oacute;w
					stylizujących, lakieru, suchego szamponu oraz odżywek, kt&oacute;re zaburzają rzeczywisty
					obraz. Nie powinno się r&oacute;wnież farbować włos&oacute;w i wykonywać trwałej ondulacji.<br />
					<h6><strong>Przeciwwskazania:</strong></h6>
					<p>Brak przeciwwskazań do wykonania badania.</p>');
INSERT INTO proza (id, nazwa, tresc) VALUES (3, 'omnie', N'Gabinet TRICHODERMEDICA to kompleksowego oraz indywidualne podejście do każdego klienta.
        Połączenie profesjonalizmu, rzetelnej wiedzy oraz doświadczenia. Przyjazna atmosfera, która
        gwarantuje odprężenie a także poczucie wyjątkowości oraz intymności.
        TRICHODERMEDICA specjalizuje się w diagnozowaniu oraz wspomaganiu leczenia schorzeń skóry
        głowy takich jak: wypadanie włosów, łysienie, łupież, łojotok, łojotokowe zapalenie skóry głowy,
        atopowe zapalenie skóry głowy, sucha i wrażliwa skóra głowy. Wspomagam pielęgnację suchych oraz
        zniszczonych włosów.
        W pierwszej kolejności  przeprowadzam konsultację wraz z badaniem skóry głowy za pomocą
        trychoskopu oraz diagnozuję przyczynę danego schorzenia. Następnie zalecam i wykonuję zabiegi
        trychologiczne oraz dobieram profesjonalne preparaty  w celu uzupełnienia kuracji domowej.
        Ponadto, w ofercie znajdują się zabiegi z zakresu kosmetologii, dotyczące zarówno twarzy jak i ciała.');
INSERT INTO proza (id, nazwa, tresc) VALUES (4, 'cytat', N'<blockquote><p><strong>Wiedza</strong>, <strong>doświadczenie</strong>
                                                           i <strong>profesjonalizm</strong><br/> pozwolą ci odzyskać
                                                           <strong>zdrowe</strong> <br/> i piękne <strong>włosy</strong>
                                                           oraz <strong>skórę</strong>. </p> <footer><cite>Anna Wilkusz</cite></footer>
                                                            </blockquote>');



INSERT INTO user (created_date, last_modified_date, password, username) VALUES (current_timestamp, current_timestamp, '$2a$11$dp4wMyuqYE3KSwIyQmWZFeUb7jCsHAdk7ZhFc0qGw6i5J124imQBi', 'fpmoles@fpmoles.pl');
INSERT INTO user (created_date, last_modified_date, password, username) VALUES (current_timestamp, current_timestamp, '$2a$11$3NO32OV1TGjap3xMpAEjmuiizitWuaSwUYz42aMtlxRliwJ8zm4Sm', 'jdoe@jdoe.pl');
INSERT INTO user (created_date, last_modified_date, password, username) VALUES (current_timestamp, current_timestamp, '$2a$11$dp4wMyuqYE3KSwIyQmWZFeUb7jCsHAdk7ZhFc0qGw6i5J124imQBi', 'jurek@jurek.pl');
INSERT INTO authority (username, authority) VALUES('fpmoles@fpmoles.pl', 'ROLE_USER');
INSERT INTO authority (username, authority) VALUES('fpmoles@fpmoles.pl', 'ROLE_ADMIN');
INSERT INTO authority (username, authority) VALUES('jdoe@jdoe.pl', 'ROLE_USER');
INSERT INTO authority (username, authority) VALUES('jurek@jurek.pl', 'ROLE_USER');
INSERT INTO authority (username, authority) VALUES('jurek@jurek.pl', 'ROLE_ADMIN');
INSERT INTO authority (username, authority) VALUES('jurek@jurek.pl', 'ENDPOINT_ADMIN');
/*

INSERT INTO slideshow (id, kiedy, nazwa, opis) VALUES (1,  current_timestamp, 'pierwszy pokaz', N'<strong class="opisHeader">W gabinecie TRICHODERMEDICA trycholog</strong>:<br/>- przeprowadzi wywiad dotyczący stanu zdrowia<br/>- wykona badanie skóry głowy za pomocą <a href="/trichoskopia">trichoskopu</a><br/>- zdiagnozuje przyczynę danego problemu skóry głowy<br/>- zaleci oraz wykona specjalistyczne zabiegi trychologiczne<br/>wspomagające leczenie danego schorzenia<br/>- dobierze odpowiednie preparaty trychologiczne<br/>- w przypadku potrzeby, skieruje na badania analityczne<br/>wykonane przez lekarza specjalistę (m.in. endokrynologa,<br/>dermatologa, immunologa).<br/>');

INSERT INTO slideshow_images (slideshow_id, images_id) VALUES (1, 2);
INSERT INTO slideshow_images (slideshow_id, images_id) VALUES (1, 3);
INSERT INTO slideshow_images (slideshow_id, images_id) VALUES (1, 4);
INSERT INTO slideshow_images (slideshow_id, images_id) VALUES (1, 5);
INSERT INTO slideshow_images (slideshow_id, images_id) VALUES (1, 6);
INSERT INTO slideshow_images (slideshow_id, images_id) VALUES (1, 7);
INSERT INTO slideshow_images (slideshow_id, images_id) VALUES (1, 8);
INSERT INTO slideshow_images (slideshow_id, images_id) VALUES (1, 9);
INSERT INTO slideshow_images (slideshow_id, images_id) VALUES (1, 10);
INSERT INTO slideshow_images (slideshow_id, images_id) VALUES (1, 11);

 */
